id,title,price,text,tags,created_at,updated_at
85,gravida sem praesent id massa id nisl venenatis lacinia aenean sit amet justo morbi ut,663.27,In quis justo. Maecenas rhoncus aliquam lacus. Morbi quis tortor id nulla ultrices aliquet.,"mockaroo, script",2020-05-26 00:00:00,2021-08-03 00:00:00
14,integer pede justo lacinia eget tincidunt eget tempus vel pede morbi,530.5,"Sed sagittis. Nam congue, risus semper porta volutpat, quam pede lobortis ligula, sit amet eleifend pede libero quis orci. Nullam molestie nibh in lectus.

Pellentesque at nulla. Suspendisse potenti. Cras in purus eu magna vulputate luctus.","mockaroo, script",2020-05-26 00:00:00,2021-08-03 00:00:00
91,quis orci nullam molestie nibh in lectus pellentesque at nulla,647.47,"Integer ac leo. Pellentesque ultrices mattis odio. Donec vitae nisi.

Nam ultrices, libero non mattis pulvinar, nulla pede ullamcorper augue, a suscipit nulla elit ac nulla. Sed vel enim sit amet nunc viverra dapibus. Nulla suscipit ligula in lacus.","mockaroo, script",2020-05-26 00:00:00,2021-08-03 00:00:00
63,non sodales sed tincidunt eu felis fusce posuere felis sed lacus morbi sem mauris,630.05,"Maecenas leo odio, condimentum id, luctus nec, molestie sed, justo. Pellentesque viverra pede ac diam. Cras pellentesque volutpat dui.

Maecenas tristique, est et tempus semper, est quam pharetra magna, ac consequat metus sapien ut nunc. Vestibulum ante ipsum primis in faucibus orci luctus et ultrices posuere cubilia Curae; Mauris viverra diam vitae quam. Suspendisse potenti.","mockaroo, script",2020-05-26 00:00:00,2021-08-03 00:00:00
58,amet sem fusce consequat nulla nisl nunc nisl duis bibendum felis sed interdum,873.72,Duis bibendum. Morbi non quam nec dui luctus rutrum. Nulla tellus.,"mockaroo, script",2020-05-26 00:00:00,2021-08-03 00:00:00
15,vulputate ut ultrices vel augue vestibulum ante ipsum primis in,274.0,"Morbi porttitor lorem id ligula. Suspendisse ornare consequat lectus. In est risus, auctor sed, tristique in, tempus sit amet, sem.

Fusce consequat. Nulla nisl. Nunc nisl.","mockaroo, script",2020-05-26 00:00:00,2021-08-03 00:00:00
84,in est risus auctor sed tristique in tempus sit amet sem fusce consequat nulla nisl nunc nisl,846.65,"Morbi non lectus. Aliquam sit amet diam in magna bibendum imperdiet. Nullam orci pede, venenatis non, sodales sed, tincidunt eu, felis.","mockaroo, script",2020-05-26 00:00:00,2021-08-03 00:00:00
72,cras mi pede malesuada in imperdiet et commodo vulputate justo in blandit ultrices enim lorem,901.69,"Fusce consequat. Nulla nisl. Nunc nisl.

Duis bibendum, felis sed interdum venenatis, turpis enim blandit mi, in porttitor pede justo eu massa. Donec dapibus. Duis at velit eu est congue elementum.","mockaroo, script",2020-05-26 00:00:00,2021-08-03 00:00:00
82,elit proin interdum mauris non ligula pellentesque ultrices phasellus id sapien,321.3,Nullam porttitor lacus at turpis. Donec posuere metus vitae ipsum. Aliquam non mauris.,"mockaroo, script",2020-05-26 00:00:00,2021-08-03 00:00:00
18,eu sapien cursus vestibulum proin eu mi nulla ac enim in tempor turpis nec euismod,90.33,"Morbi porttitor lorem id ligula. Suspendisse ornare consequat lectus. In est risus, auctor sed, tristique in, tempus sit amet, sem.","mockaroo, script",2020-05-26 00:00:00,2021-08-03 00:00:00
66,et magnis dis parturient montes nascetur ridiculus mus etiam vel augue vestibulum rutrum rutrum neque aenean auctor gravida sem praesent,60.92,"Quisque id justo sit amet sapien dignissim vestibulum. Vestibulum ante ipsum primis in faucibus orci luctus et ultrices posuere cubilia Curae; Nulla dapibus dolor vel est. Donec odio justo, sollicitudin ut, suscipit a, feugiat et, eros.","mockaroo, script",2020-05-26 00:00:00,2021-08-03 00:00:00
75,in est risus auctor sed tristique in tempus sit amet sem fusce consequat,495.4,Sed ante. Vivamus tortor. Duis mattis egestas metus.,"mockaroo, script",2020-05-26 00:00:00,2021-08-03 00:00:00
29,leo odio condimentum id luctus nec molestie sed justo pellentesque viverra pede ac diam cras pellentesque volutpat dui maecenas tristique,970.13,"Praesent blandit. Nam nulla. Integer pede justo, lacinia eget, tincidunt eget, tempus vel, pede.","mockaroo, script",2020-05-26 00:00:00,2021-08-03 00:00:00
102,leo odio condimentum id luctus nec molestie sed justo pellentesque viverra pede ac diam cras pellentesque,693.35,"Aenean lectus. Pellentesque eget nunc. Donec quis orci eget orci vehicula condimentum.

Curabitur in libero ut massa volutpat convallis. Morbi odio odio, elementum eu, interdum eu, tincidunt in, leo. Maecenas pulvinar lobortis est.","mockaroo, script",2020-05-26 00:00:00,2021-08-03 00:00:00
80,vestibulum vestibulum ante ipsum primis in faucibus orci luctus et ultrices posuere cubilia curae nulla dapibus,38.88,In hac habitasse platea dictumst. Etiam faucibus cursus urna. Ut tellus.,"mockaroo, script",2020-05-26 00:00:00,2021-08-03 00:00:00
51,rutrum at lorem integer tincidunt ante vel ipsum praesent blandit lacinia erat vestibulum sed magna at nunc commodo placerat,67.62,"Proin interdum mauris non ligula pellentesque ultrices. Phasellus id sapien in sapien iaculis congue. Vivamus metus arcu, adipiscing molestie, hendrerit at, vulputate vitae, nisl.","mockaroo, script",2020-05-26 00:00:00,2021-08-03 00:00:00
64,felis ut at dolor quis odio consequat varius integer ac leo pellentesque ultrices mattis,991.84,"Maecenas leo odio, condimentum id, luctus nec, molestie sed, justo. Pellentesque viverra pede ac diam. Cras pellentesque volutpat dui.","mockaroo, script",2020-05-26 00:00:00,2021-08-03 00:00:00
36,sapien varius ut blandit non interdum in ante vestibulum ante ipsum primis in faucibus orci luctus et ultrices posuere cubilia,404.32,"Etiam vel augue. Vestibulum rutrum rutrum neque. Aenean auctor gravida sem.

Praesent id massa id nisl venenatis lacinia. Aenean sit amet justo. Morbi ut odio.","mockaroo, script",2020-05-26 00:00:00,2021-08-03 00:00:00
22,molestie sed justo pellentesque viverra pede ac diam cras pellentesque volutpat dui maecenas tristique est et tempus,503.21,"Aenean fermentum. Donec ut mauris eget massa tempor convallis. Nulla neque libero, convallis eget, eleifend luctus, ultricies eu, nibh.","mockaroo, script",2020-05-26 00:00:00,2021-08-03 00:00:00
38,tempus vel pede morbi porttitor lorem id ligula suspendisse ornare consequat lectus in est risus auctor sed tristique in,255.93,"Cras mi pede, malesuada in, imperdiet et, commodo vulputate, justo. In blandit ultrices enim. Lorem ipsum dolor sit amet, consectetuer adipiscing elit.","mockaroo, script",2020-05-26 00:00:00,2021-08-03 00:00:00
22,lacinia eget tincidunt eget tempus vel pede morbi porttitor lorem id ligula suspendisse,278.78,"Curabitur in libero ut massa volutpat convallis. Morbi odio odio, elementum eu, interdum eu, tincidunt in, leo. Maecenas pulvinar lobortis est.","mockaroo, script",2020-05-26 00:00:00,2021-08-03 00:00:00
74,cras mi pede malesuada in imperdiet et commodo vulputate justo in blandit ultrices enim lorem,659.46,"Proin leo odio, porttitor id, consequat in, consequat ut, nulla. Sed accumsan felis. Ut at dolor quis odio consequat varius.

Integer ac leo. Pellentesque ultrices mattis odio. Donec vitae nisi.","mockaroo, script",2020-05-26 00:00:00,2021-08-03 00:00:00
7,vel pede morbi porttitor lorem id ligula suspendisse ornare consequat lectus in est risus auctor sed,87.56,"In congue. Etiam justo. Etiam pretium iaculis justo.

In hac habitasse platea dictumst. Etiam faucibus cursus urna. Ut tellus.","mockaroo, script",2020-05-26 00:00:00,2021-08-03 00:00:00
12,libero ut massa volutpat convallis morbi odio odio elementum eu,294.08,"Nulla ut erat id mauris vulputate elementum. Nullam varius. Nulla facilisi.

Cras non velit nec nisi vulputate nonummy. Maecenas tincidunt lacus at velit. Vivamus vel nulla eget eros elementum pellentesque.","mockaroo, script",2020-05-26 00:00:00,2021-08-03 00:00:00
71,duis ac nibh fusce lacus purus aliquet at feugiat non,516.04,"Duis bibendum. Morbi non quam nec dui luctus rutrum. Nulla tellus.

In sagittis dui vel nisl. Duis ac nibh. Fusce lacus purus, aliquet at, feugiat non, pretium quis, lectus.","mockaroo, script",2020-05-26 00:00:00,2021-08-03 00:00:00
58,viverra eget congue eget semper rutrum nulla nunc purus phasellus in felis donec semper,429.19,"Proin eu mi. Nulla ac enim. In tempor, turpis nec euismod scelerisque, quam turpis adipiscing lorem, vitae mattis nibh ligula nec sem.

Duis aliquam convallis nunc. Proin at turpis a pede posuere nonummy. Integer non velit.","mockaroo, script",2020-05-26 00:00:00,2021-08-03 00:00:00
103,sem sed sagittis nam congue risus semper porta volutpat quam pede lobortis,291.07,"Aenean lectus. Pellentesque eget nunc. Donec quis orci eget orci vehicula condimentum.

Curabitur in libero ut massa volutpat convallis. Morbi odio odio, elementum eu, interdum eu, tincidunt in, leo. Maecenas pulvinar lobortis est.","mockaroo, script",2020-05-26 00:00:00,2021-08-03 00:00:00
62,rutrum rutrum neque aenean auctor gravida sem praesent id massa id nisl venenatis lacinia,85.23,"Curabitur gravida nisi at nibh. In hac habitasse platea dictumst. Aliquam augue quam, sollicitudin vitae, consectetuer eget, rutrum at, lorem.","mockaroo, script",2020-05-26 00:00:00,2021-08-03 00:00:00
31,quam nec dui luctus rutrum nulla tellus in sagittis dui vel nisl duis ac nibh fusce lacus purus,427.86,"Proin eu mi. Nulla ac enim. In tempor, turpis nec euismod scelerisque, quam turpis adipiscing lorem, vitae mattis nibh ligula nec sem.","mockaroo, script",2020-05-26 00:00:00,2021-08-03 00:00:00
41,tempor turpis nec euismod scelerisque quam turpis adipiscing lorem vitae mattis nibh ligula nec sem duis aliquam convallis nunc proin,815.58,In congue. Etiam justo. Etiam pretium iaculis justo.,"mockaroo, script",2020-05-26 00:00:00,2021-08-03 00:00:00
86,nam congue risus semper porta volutpat quam pede lobortis ligula sit amet eleifend pede libero quis orci nullam,562.4,"In hac habitasse platea dictumst. Morbi vestibulum, velit id pretium iaculis, diam erat fermentum justo, nec condimentum neque sapien placerat ante. Nulla justo.","mockaroo, script",2020-05-26 00:00:00,2021-08-03 00:00:00
57,ullamcorper purus sit amet nulla quisque arcu libero rutrum ac lobortis vel dapibus at diam nam,677.03,Aenean lectus. Pellentesque eget nunc. Donec quis orci eget orci vehicula condimentum.,"mockaroo, script",2020-05-26 00:00:00,2021-08-03 00:00:00
77,platea dictumst maecenas ut massa quis augue luctus tincidunt nulla mollis molestie lorem,924.05,"Proin interdum mauris non ligula pellentesque ultrices. Phasellus id sapien in sapien iaculis congue. Vivamus metus arcu, adipiscing molestie, hendrerit at, vulputate vitae, nisl.

Aenean lectus. Pellentesque eget nunc. Donec quis orci eget orci vehicula condimentum.","mockaroo, script",2020-05-26 00:00:00,2021-08-03 00:00:00
80,arcu libero rutrum ac lobortis vel dapibus at diam nam,932.88,"Duis bibendum, felis sed interdum venenatis, turpis enim blandit mi, in porttitor pede justo eu massa. Donec dapibus. Duis at velit eu est congue elementum.","mockaroo, script",2020-05-26 00:00:00,2021-08-03 00:00:00
88,rhoncus aliquam lacus morbi quis tortor id nulla ultrices aliquet maecenas leo odio,761.04,"Vestibulum ac est lacinia nisi venenatis tristique. Fusce congue, diam id ornare imperdiet, sapien urna pretium nisl, ut volutpat sapien arcu sed augue. Aliquam erat volutpat.

In congue. Etiam justo. Etiam pretium iaculis justo.","mockaroo, script",2020-05-26 00:00:00,2021-08-03 00:00:00
83,condimentum neque sapien placerat ante nulla justo aliquam quis turpis eget elit sodales scelerisque mauris sit,211.53,"Sed sagittis. Nam congue, risus semper porta volutpat, quam pede lobortis ligula, sit amet eleifend pede libero quis orci. Nullam molestie nibh in lectus.","mockaroo, script",2020-05-26 00:00:00,2021-08-03 00:00:00
52,nisi eu orci mauris lacinia sapien quis libero nullam sit amet turpis elementum ligula vehicula consequat morbi a ipsum,766.35,In congue. Etiam justo. Etiam pretium iaculis justo.,"mockaroo, script",2020-05-26 00:00:00,2021-08-03 00:00:00
30,habitasse platea dictumst aliquam augue quam sollicitudin vitae consectetuer eget rutrum at lorem integer tincidunt,175.14,In hac habitasse platea dictumst. Etiam faucibus cursus urna. Ut tellus.,"mockaroo, script",2020-05-26 00:00:00,2021-08-03 00:00:00
59,eleifend pede libero quis orci nullam molestie nibh in lectus pellentesque at nulla suspendisse potenti cras in purus eu,110.47,"Proin interdum mauris non ligula pellentesque ultrices. Phasellus id sapien in sapien iaculis congue. Vivamus metus arcu, adipiscing molestie, hendrerit at, vulputate vitae, nisl.

Aenean lectus. Pellentesque eget nunc. Donec quis orci eget orci vehicula condimentum.","mockaroo, script",2020-05-26 00:00:00,2021-08-03 00:00:00
106,nisi volutpat eleifend donec ut dolor morbi vel lectus in quam fringilla rhoncus,957.62,"Praesent blandit. Nam nulla. Integer pede justo, lacinia eget, tincidunt eget, tempus vel, pede.","mockaroo, script",2020-05-26 00:00:00,2021-08-03 00:00:00
10,quis odio consequat varius integer ac leo pellentesque ultrices mattis odio donec vitae nisi nam ultrices,739.63,"Morbi non lectus. Aliquam sit amet diam in magna bibendum imperdiet. Nullam orci pede, venenatis non, sodales sed, tincidunt eu, felis.","mockaroo, script",2020-05-26 00:00:00,2021-08-03 00:00:00
21,turpis enim blandit mi in porttitor pede justo eu massa donec dapibus duis at velit eu est,821.46,"Fusce posuere felis sed lacus. Morbi sem mauris, laoreet ut, rhoncus aliquet, pulvinar sed, nisl. Nunc rhoncus dui vel sem.

Sed sagittis. Nam congue, risus semper porta volutpat, quam pede lobortis ligula, sit amet eleifend pede libero quis orci. Nullam molestie nibh in lectus.","mockaroo, script",2020-05-26 00:00:00,2021-08-03 00:00:00
7,nullam varius nulla facilisi cras non velit nec nisi vulputate nonummy maecenas tincidunt lacus at velit vivamus vel nulla eget,982.62,"Fusce consequat. Nulla nisl. Nunc nisl.

Duis bibendum, felis sed interdum venenatis, turpis enim blandit mi, in porttitor pede justo eu massa. Donec dapibus. Duis at velit eu est congue elementum.","mockaroo, script",2020-05-26 00:00:00,2021-08-03 00:00:00
85,eleifend donec ut dolor morbi vel lectus in quam fringilla rhoncus mauris enim leo rhoncus sed vestibulum sit amet cursus,341.39,"Maecenas leo odio, condimentum id, luctus nec, molestie sed, justo. Pellentesque viverra pede ac diam. Cras pellentesque volutpat dui.

Maecenas tristique, est et tempus semper, est quam pharetra magna, ac consequat metus sapien ut nunc. Vestibulum ante ipsum primis in faucibus orci luctus et ultrices posuere cubilia Curae; Mauris viverra diam vitae quam. Suspendisse potenti.","mockaroo, script",2020-05-26 00:00:00,2021-08-03 00:00:00
63,proin interdum mauris non ligula pellentesque ultrices phasellus id sapien in sapien iaculis,181.96,"Morbi porttitor lorem id ligula. Suspendisse ornare consequat lectus. In est risus, auctor sed, tristique in, tempus sit amet, sem.","mockaroo, script",2020-05-26 00:00:00,2021-08-03 00:00:00
105,id ligula suspendisse ornare consequat lectus in est risus auctor sed,54.81,"Aenean lectus. Pellentesque eget nunc. Donec quis orci eget orci vehicula condimentum.

Curabitur in libero ut massa volutpat convallis. Morbi odio odio, elementum eu, interdum eu, tincidunt in, leo. Maecenas pulvinar lobortis est.","mockaroo, script",2020-05-26 00:00:00,2021-08-03 00:00:00
42,tellus nulla ut erat id mauris vulputate elementum nullam varius nulla facilisi cras non,287.69,"Curabitur gravida nisi at nibh. In hac habitasse platea dictumst. Aliquam augue quam, sollicitudin vitae, consectetuer eget, rutrum at, lorem.","mockaroo, script",2020-05-26 00:00:00,2021-08-03 00:00:00
82,pellentesque eget nunc donec quis orci eget orci vehicula condimentum curabitur in libero ut massa volutpat convallis,365.94,"Cras mi pede, malesuada in, imperdiet et, commodo vulputate, justo. In blandit ultrices enim. Lorem ipsum dolor sit amet, consectetuer adipiscing elit.","mockaroo, script",2020-05-26 00:00:00,2021-08-03 00:00:00
95,rhoncus sed vestibulum sit amet cursus id turpis integer aliquet massa id lobortis convallis tortor risus dapibus augue,845.65,Fusce consequat. Nulla nisl. Nunc nisl.,"mockaroo, script",2020-05-26 00:00:00,2021-08-03 00:00:00
79,ultrices phasellus id sapien in sapien iaculis congue vivamus metus arcu adipiscing,251.84,"Morbi non lectus. Aliquam sit amet diam in magna bibendum imperdiet. Nullam orci pede, venenatis non, sodales sed, tincidunt eu, felis.","mockaroo, script",2020-05-26 00:00:00,2021-08-03 00:00:00
101,ultrices phasellus id sapien in sapien iaculis congue vivamus metus arcu adipiscing molestie hendrerit at vulputate,249.3,"Quisque porta volutpat erat. Quisque erat eros, viverra eget, congue eget, semper rutrum, nulla. Nunc purus.","mockaroo, script",2020-05-26 00:00:00,2021-08-03 00:00:00
22,faucibus orci luctus et ultrices posuere cubilia curae mauris viverra diam vitae quam,302.7,In hac habitasse platea dictumst. Etiam faucibus cursus urna. Ut tellus.,"mockaroo, script",2020-05-26 00:00:00,2021-08-03 00:00:00
78,erat curabitur gravida nisi at nibh in hac habitasse platea dictumst,802.51,"Duis bibendum. Morbi non quam nec dui luctus rutrum. Nulla tellus.

In sagittis dui vel nisl. Duis ac nibh. Fusce lacus purus, aliquet at, feugiat non, pretium quis, lectus.","mockaroo, script",2020-05-26 00:00:00,2021-08-03 00:00:00
52,amet nunc viverra dapibus nulla suscipit ligula in lacus curabitur at ipsum ac tellus,570.28,"Phasellus in felis. Donec semper sapien a libero. Nam dui.

Proin leo odio, porttitor id, consequat in, consequat ut, nulla. Sed accumsan felis. Ut at dolor quis odio consequat varius.","mockaroo, script",2020-05-26 00:00:00,2021-08-03 00:00:00
86,felis fusce posuere felis sed lacus morbi sem mauris laoreet ut rhoncus aliquet pulvinar sed nisl nunc rhoncus,236.0,"Cras mi pede, malesuada in, imperdiet et, commodo vulputate, justo. In blandit ultrices enim. Lorem ipsum dolor sit amet, consectetuer adipiscing elit.

Proin interdum mauris non ligula pellentesque ultrices. Phasellus id sapien in sapien iaculis congue. Vivamus metus arcu, adipiscing molestie, hendrerit at, vulputate vitae, nisl.","mockaroo, script",2020-05-26 00:00:00,2021-08-03 00:00:00
80,primis in faucibus orci luctus et ultrices posuere cubilia curae mauris viverra diam vitae,922.42,"Nam ultrices, libero non mattis pulvinar, nulla pede ullamcorper augue, a suscipit nulla elit ac nulla. Sed vel enim sit amet nunc viverra dapibus. Nulla suscipit ligula in lacus.","mockaroo, script",2020-05-26 00:00:00,2021-08-03 00:00:00
84,vitae mattis nibh ligula nec sem duis aliquam convallis nunc proin at turpis a pede posuere nonummy,343.97,Nulla ut erat id mauris vulputate elementum. Nullam varius. Nulla facilisi.,"mockaroo, script",2020-05-26 00:00:00,2021-08-03 00:00:00
73,diam in magna bibendum imperdiet nullam orci pede venenatis non sodales sed tincidunt eu felis fusce posuere felis,711.46,Etiam vel augue. Vestibulum rutrum rutrum neque. Aenean auctor gravida sem.,"mockaroo, script",2020-05-26 00:00:00,2021-08-03 00:00:00
35,pellentesque at nulla suspendisse potenti cras in purus eu magna vulputate luctus,522.59,"Duis aliquam convallis nunc. Proin at turpis a pede posuere nonummy. Integer non velit.

Donec diam neque, vestibulum eget, vulputate ut, ultrices vel, augue. Vestibulum ante ipsum primis in faucibus orci luctus et ultrices posuere cubilia Curae; Donec pharetra, magna vestibulum aliquet ultrices, erat tortor sollicitudin mi, sit amet lobortis sapien sapien non mi. Integer ac neque.","mockaroo, script",2020-05-26 00:00:00,2021-08-03 00:00:00
55,vulputate luctus cum sociis natoque penatibus et magnis dis parturient montes nascetur ridiculus mus,947.07,"Aliquam quis turpis eget elit sodales scelerisque. Mauris sit amet eros. Suspendisse accumsan tortor quis turpis.

Sed ante. Vivamus tortor. Duis mattis egestas metus.","mockaroo, script",2020-05-26 00:00:00,2021-08-03 00:00:00
53,nibh quisque id justo sit amet sapien dignissim vestibulum vestibulum ante ipsum primis in faucibus orci luctus et,905.35,"Duis bibendum, felis sed interdum venenatis, turpis enim blandit mi, in porttitor pede justo eu massa. Donec dapibus. Duis at velit eu est congue elementum.","mockaroo, script",2020-05-26 00:00:00,2021-08-03 00:00:00
96,curae duis faucibus accumsan odio curabitur convallis duis consequat dui nec nisi volutpat eleifend donec,541.53,"Integer ac leo. Pellentesque ultrices mattis odio. Donec vitae nisi.

Nam ultrices, libero non mattis pulvinar, nulla pede ullamcorper augue, a suscipit nulla elit ac nulla. Sed vel enim sit amet nunc viverra dapibus. Nulla suscipit ligula in lacus.","mockaroo, script",2020-05-26 00:00:00,2021-08-03 00:00:00
68,accumsan tortor quis turpis sed ante vivamus tortor duis mattis egestas metus aenean fermentum donec ut mauris eget,578.99,"Vestibulum ac est lacinia nisi venenatis tristique. Fusce congue, diam id ornare imperdiet, sapien urna pretium nisl, ut volutpat sapien arcu sed augue. Aliquam erat volutpat.","mockaroo, script",2020-05-26 00:00:00,2021-08-03 00:00:00
103,proin interdum mauris non ligula pellentesque ultrices phasellus id sapien in sapien iaculis congue vivamus metus arcu adipiscing molestie,27.36,"Cras mi pede, malesuada in, imperdiet et, commodo vulputate, justo. In blandit ultrices enim. Lorem ipsum dolor sit amet, consectetuer adipiscing elit.

Proin interdum mauris non ligula pellentesque ultrices. Phasellus id sapien in sapien iaculis congue. Vivamus metus arcu, adipiscing molestie, hendrerit at, vulputate vitae, nisl.","mockaroo, script",2020-05-26 00:00:00,2021-08-03 00:00:00
92,mattis pulvinar nulla pede ullamcorper augue a suscipit nulla elit ac nulla sed vel enim,804.05,"Morbi porttitor lorem id ligula. Suspendisse ornare consequat lectus. In est risus, auctor sed, tristique in, tempus sit amet, sem.","mockaroo, script",2020-05-26 00:00:00,2021-08-03 00:00:00
43,erat fermentum justo nec condimentum neque sapien placerat ante nulla,420.68,"Maecenas leo odio, condimentum id, luctus nec, molestie sed, justo. Pellentesque viverra pede ac diam. Cras pellentesque volutpat dui.","mockaroo, script",2020-05-26 00:00:00,2021-08-03 00:00:00
104,nisi eu orci mauris lacinia sapien quis libero nullam sit amet turpis elementum ligula vehicula consequat morbi,401.17,"Quisque id justo sit amet sapien dignissim vestibulum. Vestibulum ante ipsum primis in faucibus orci luctus et ultrices posuere cubilia Curae; Nulla dapibus dolor vel est. Donec odio justo, sollicitudin ut, suscipit a, feugiat et, eros.

Vestibulum ac est lacinia nisi venenatis tristique. Fusce congue, diam id ornare imperdiet, sapien urna pretium nisl, ut volutpat sapien arcu sed augue. Aliquam erat volutpat.","mockaroo, script",2020-05-26 00:00:00,2021-08-03 00:00:00
72,erat curabitur gravida nisi at nibh in hac habitasse platea dictumst aliquam augue quam sollicitudin vitae consectetuer eget rutrum,613.31,Sed ante. Vivamus tortor. Duis mattis egestas metus.,"mockaroo, script",2020-05-26 00:00:00,2021-08-03 00:00:00
90,sed magna at nunc commodo placerat praesent blandit nam nulla integer pede justo lacinia eget tincidunt eget,112.28,"Cras non velit nec nisi vulputate nonummy. Maecenas tincidunt lacus at velit. Vivamus vel nulla eget eros elementum pellentesque.

Quisque porta volutpat erat. Quisque erat eros, viverra eget, congue eget, semper rutrum, nulla. Nunc purus.","mockaroo, script",2020-05-26 00:00:00,2021-08-03 00:00:00
37,vestibulum aliquet ultrices erat tortor sollicitudin mi sit amet lobortis sapien sapien non mi integer ac neque,527.47,"Fusce consequat. Nulla nisl. Nunc nisl.

Duis bibendum, felis sed interdum venenatis, turpis enim blandit mi, in porttitor pede justo eu massa. Donec dapibus. Duis at velit eu est congue elementum.","mockaroo, script",2020-05-26 00:00:00,2021-08-03 00:00:00
77,rhoncus aliquet pulvinar sed nisl nunc rhoncus dui vel sem sed sagittis nam congue risus semper porta volutpat,739.37,"Cum sociis natoque penatibus et magnis dis parturient montes, nascetur ridiculus mus. Vivamus vestibulum sagittis sapien. Cum sociis natoque penatibus et magnis dis parturient montes, nascetur ridiculus mus.

Etiam vel augue. Vestibulum rutrum rutrum neque. Aenean auctor gravida sem.","mockaroo, script",2020-05-26 00:00:00,2021-08-03 00:00:00
105,tempor turpis nec euismod scelerisque quam turpis adipiscing lorem vitae mattis nibh,335.78,"Praesent blandit. Nam nulla. Integer pede justo, lacinia eget, tincidunt eget, tempus vel, pede.","mockaroo, script",2020-05-26 00:00:00,2021-08-03 00:00:00
74,penatibus et magnis dis parturient montes nascetur ridiculus mus vivamus vestibulum sagittis sapien cum sociis natoque penatibus et magnis dis,929.15,"Mauris enim leo, rhoncus sed, vestibulum sit amet, cursus id, turpis. Integer aliquet, massa id lobortis convallis, tortor risus dapibus augue, vel accumsan tellus nisi eu orci. Mauris lacinia sapien quis libero.

Nullam sit amet turpis elementum ligula vehicula consequat. Morbi a ipsum. Integer a nibh.","mockaroo, script",2020-05-26 00:00:00,2021-08-03 00:00:00
62,in faucibus orci luctus et ultrices posuere cubilia curae donec pharetra,332.48,"Proin interdum mauris non ligula pellentesque ultrices. Phasellus id sapien in sapien iaculis congue. Vivamus metus arcu, adipiscing molestie, hendrerit at, vulputate vitae, nisl.

Aenean lectus. Pellentesque eget nunc. Donec quis orci eget orci vehicula condimentum.","mockaroo, script",2020-05-26 00:00:00,2021-08-03 00:00:00
89,ultrices posuere cubilia curae donec pharetra magna vestibulum aliquet ultrices erat tortor sollicitudin mi,745.32,Aenean lectus. Pellentesque eget nunc. Donec quis orci eget orci vehicula condimentum.,"mockaroo, script",2020-05-26 00:00:00,2021-08-03 00:00:00
26,risus praesent lectus vestibulum quam sapien varius ut blandit non interdum in ante vestibulum ante ipsum primis in faucibus orci,898.52,"Curabitur gravida nisi at nibh. In hac habitasse platea dictumst. Aliquam augue quam, sollicitudin vitae, consectetuer eget, rutrum at, lorem.

Integer tincidunt ante vel ipsum. Praesent blandit lacinia erat. Vestibulum sed magna at nunc commodo placerat.","mockaroo, script",2020-05-26 00:00:00,2021-08-03 00:00:00
58,rutrum nulla nunc purus phasellus in felis donec semper sapien a libero,528.45,"Duis bibendum, felis sed interdum venenatis, turpis enim blandit mi, in porttitor pede justo eu massa. Donec dapibus. Duis at velit eu est congue elementum.

In hac habitasse platea dictumst. Morbi vestibulum, velit id pretium iaculis, diam erat fermentum justo, nec condimentum neque sapien placerat ante. Nulla justo.","mockaroo, script",2020-05-26 00:00:00,2021-08-03 00:00:00
87,dui vel sem sed sagittis nam congue risus semper porta volutpat,702.48,"Maecenas leo odio, condimentum id, luctus nec, molestie sed, justo. Pellentesque viverra pede ac diam. Cras pellentesque volutpat dui.","mockaroo, script",2020-05-26 00:00:00,2021-08-03 00:00:00
79,pede malesuada in imperdiet et commodo vulputate justo in blandit ultrices enim lorem ipsum dolor sit amet consectetuer,92.55,"Aenean fermentum. Donec ut mauris eget massa tempor convallis. Nulla neque libero, convallis eget, eleifend luctus, ultricies eu, nibh.","mockaroo, script",2020-05-26 00:00:00,2021-08-03 00:00:00
39,fusce posuere felis sed lacus morbi sem mauris laoreet ut rhoncus,85.51,"Sed sagittis. Nam congue, risus semper porta volutpat, quam pede lobortis ligula, sit amet eleifend pede libero quis orci. Nullam molestie nibh in lectus.

Pellentesque at nulla. Suspendisse potenti. Cras in purus eu magna vulputate luctus.","mockaroo, script",2020-05-26 00:00:00,2021-08-03 00:00:00
20,dui luctus rutrum nulla tellus in sagittis dui vel nisl duis ac nibh fusce lacus purus aliquet at feugiat non,901.52,"Fusce posuere felis sed lacus. Morbi sem mauris, laoreet ut, rhoncus aliquet, pulvinar sed, nisl. Nunc rhoncus dui vel sem.

Sed sagittis. Nam congue, risus semper porta volutpat, quam pede lobortis ligula, sit amet eleifend pede libero quis orci. Nullam molestie nibh in lectus.","mockaroo, script",2020-05-26 00:00:00,2021-08-03 00:00:00
38,sem mauris laoreet ut rhoncus aliquet pulvinar sed nisl nunc rhoncus dui vel,421.98,"Maecenas tristique, est et tempus semper, est quam pharetra magna, ac consequat metus sapien ut nunc. Vestibulum ante ipsum primis in faucibus orci luctus et ultrices posuere cubilia Curae; Mauris viverra diam vitae quam. Suspendisse potenti.

Nullam porttitor lacus at turpis. Donec posuere metus vitae ipsum. Aliquam non mauris.","mockaroo, script",2020-05-26 00:00:00,2021-08-03 00:00:00
56,turpis sed ante vivamus tortor duis mattis egestas metus aenean fermentum donec ut mauris eget massa tempor,574.27,"Curabitur in libero ut massa volutpat convallis. Morbi odio odio, elementum eu, interdum eu, tincidunt in, leo. Maecenas pulvinar lobortis est.

Phasellus sit amet erat. Nulla tempus. Vivamus in felis eu sapien cursus vestibulum.","mockaroo, script",2020-05-26 00:00:00,2021-08-03 00:00:00
33,curae nulla dapibus dolor vel est donec odio justo sollicitudin ut suscipit a feugiat et eros vestibulum ac,128.51,"Integer ac leo. Pellentesque ultrices mattis odio. Donec vitae nisi.

Nam ultrices, libero non mattis pulvinar, nulla pede ullamcorper augue, a suscipit nulla elit ac nulla. Sed vel enim sit amet nunc viverra dapibus. Nulla suscipit ligula in lacus.","mockaroo, script",2020-05-26 00:00:00,2021-08-03 00:00:00
88,pede venenatis non sodales sed tincidunt eu felis fusce posuere felis sed lacus,419.76,"Maecenas leo odio, condimentum id, luctus nec, molestie sed, justo. Pellentesque viverra pede ac diam. Cras pellentesque volutpat dui.","mockaroo, script",2020-05-26 00:00:00,2021-08-03 00:00:00
42,integer tincidunt ante vel ipsum praesent blandit lacinia erat vestibulum sed magna at nunc commodo placerat praesent blandit,15.67,Praesent id massa id nisl venenatis lacinia. Aenean sit amet justo. Morbi ut odio.,"mockaroo, script",2020-05-26 00:00:00,2021-08-03 00:00:00
28,at dolor quis odio consequat varius integer ac leo pellentesque ultrices mattis odio donec vitae nisi,357.64,"Aenean fermentum. Donec ut mauris eget massa tempor convallis. Nulla neque libero, convallis eget, eleifend luctus, ultricies eu, nibh.","mockaroo, script",2020-05-26 00:00:00,2021-08-03 00:00:00
98,pharetra magna ac consequat metus sapien ut nunc vestibulum ante ipsum primis in,322.73,"Cum sociis natoque penatibus et magnis dis parturient montes, nascetur ridiculus mus. Vivamus vestibulum sagittis sapien. Cum sociis natoque penatibus et magnis dis parturient montes, nascetur ridiculus mus.

Etiam vel augue. Vestibulum rutrum rutrum neque. Aenean auctor gravida sem.","mockaroo, script",2020-05-26 00:00:00,2021-08-03 00:00:00
94,felis fusce posuere felis sed lacus morbi sem mauris laoreet ut rhoncus,269.47,"Quisque id justo sit amet sapien dignissim vestibulum. Vestibulum ante ipsum primis in faucibus orci luctus et ultrices posuere cubilia Curae; Nulla dapibus dolor vel est. Donec odio justo, sollicitudin ut, suscipit a, feugiat et, eros.

Vestibulum ac est lacinia nisi venenatis tristique. Fusce congue, diam id ornare imperdiet, sapien urna pretium nisl, ut volutpat sapien arcu sed augue. Aliquam erat volutpat.","mockaroo, script",2020-05-26 00:00:00,2021-08-03 00:00:00
6,morbi non quam nec dui luctus rutrum nulla tellus in sagittis,19.3,"Quisque porta volutpat erat. Quisque erat eros, viverra eget, congue eget, semper rutrum, nulla. Nunc purus.","mockaroo, script",2020-05-26 00:00:00,2021-08-03 00:00:00
24,justo maecenas rhoncus aliquam lacus morbi quis tortor id nulla ultrices,836.1,Cras non velit nec nisi vulputate nonummy. Maecenas tincidunt lacus at velit. Vivamus vel nulla eget eros elementum pellentesque.,"mockaroo, script",2020-05-26 00:00:00,2021-08-03 00:00:00
34,nunc donec quis orci eget orci vehicula condimentum curabitur in libero ut massa volutpat convallis,989.74,"Vestibulum ac est lacinia nisi venenatis tristique. Fusce congue, diam id ornare imperdiet, sapien urna pretium nisl, ut volutpat sapien arcu sed augue. Aliquam erat volutpat.","mockaroo, script",2020-05-26 00:00:00,2021-08-03 00:00:00
84,elit proin risus praesent lectus vestibulum quam sapien varius ut blandit non interdum in ante,817.46,"Curabitur in libero ut massa volutpat convallis. Morbi odio odio, elementum eu, interdum eu, tincidunt in, leo. Maecenas pulvinar lobortis est.

Phasellus sit amet erat. Nulla tempus. Vivamus in felis eu sapien cursus vestibulum.","mockaroo, script",2020-05-26 00:00:00,2021-08-03 00:00:00
41,eget tempus vel pede morbi porttitor lorem id ligula suspendisse ornare consequat lectus in est risus auctor sed,491.73,Integer tincidunt ante vel ipsum. Praesent blandit lacinia erat. Vestibulum sed magna at nunc commodo placerat.,"mockaroo, script",2020-05-26 00:00:00,2021-08-03 00:00:00
83,quisque porta volutpat erat quisque erat eros viverra eget congue eget semper rutrum nulla nunc,778.97,"In sagittis dui vel nisl. Duis ac nibh. Fusce lacus purus, aliquet at, feugiat non, pretium quis, lectus.","mockaroo, script",2020-05-26 00:00:00,2021-08-03 00:00:00
40,dictumst morbi vestibulum velit id pretium iaculis diam erat fermentum justo nec condimentum,839.37,Etiam vel augue. Vestibulum rutrum rutrum neque. Aenean auctor gravida sem.,"mockaroo, script",2020-05-26 00:00:00,2021-08-03 00:00:00
104,tortor quis turpis sed ante vivamus tortor duis mattis egestas metus aenean fermentum donec,437.01,"Proin interdum mauris non ligula pellentesque ultrices. Phasellus id sapien in sapien iaculis congue. Vivamus metus arcu, adipiscing molestie, hendrerit at, vulputate vitae, nisl.

Aenean lectus. Pellentesque eget nunc. Donec quis orci eget orci vehicula condimentum.","mockaroo, script",2020-05-26 00:00:00,2021-08-03 00:00:00
57,eros elementum pellentesque quisque porta volutpat erat quisque erat eros viverra eget congue eget semper rutrum nulla nunc purus,611.97,"In hac habitasse platea dictumst. Etiam faucibus cursus urna. Ut tellus.

Nulla ut erat id mauris vulputate elementum. Nullam varius. Nulla facilisi.","mockaroo, script",2020-05-26 00:00:00,2021-08-03 00:00:00
32,luctus et ultrices posuere cubilia curae donec pharetra magna vestibulum aliquet ultrices,195.84,"In sagittis dui vel nisl. Duis ac nibh. Fusce lacus purus, aliquet at, feugiat non, pretium quis, lectus.

Suspendisse potenti. In eleifend quam a odio. In hac habitasse platea dictumst.","mockaroo, script",2020-05-26 00:00:00,2021-08-03 00:00:00
8,facilisi cras non velit nec nisi vulputate nonummy maecenas tincidunt lacus,824.08,"Suspendisse potenti. In eleifend quam a odio. In hac habitasse platea dictumst.

Maecenas ut massa quis augue luctus tincidunt. Nulla mollis molestie lorem. Quisque ut erat.","mockaroo, script",2020-05-26 00:00:00,2021-08-03 00:00:00
